{"cameraMode":{"drawMode":0,"name":"Shaded","section":"Shading Mode"},"sceneLighting":false,"audioPlay":false,"sceneViewState":{"m_AlwaysRefresh":false,"showFog":true,"showSkybox":false,"showFlares":true,"showImageEffects":true,"showParticleSystems":true,"showVisualEffectGraphs":true,"m_FxEnabled":true},"in2DMode":false,"pivot":{"x":-2.6361939907073976,"y":0.6147651672363281,"z":12.844192504882813},"rotation":{"x":-0.3976605236530304,"y":-0.05719795078039169,"z":0.024849195033311845,"w":-0.9154142737388611},"size":23.421857833862306,"orthographic":false}